Type,Second_Order_Smoothness
Original,0.6063784999718412
Adaptive,0.4021643022914692
