Layer_Transition,Slope_Ori,Slope_Ada
layer1->layer2,-0.16034088426250948,-0.14488527357994385
layer2->layer3,0.22869039928837742,0.12815867282196627
layer3->layer4,0.011343182867423071,0.010396985345962282
