Type,Second_Order_Smoothness
Original,0.2643002173465797
Adaptive,0.2999868640581029
