Layer_Transition,Slope_Ori,Slope_Ada
layer1->layer2,0.0546640586482365,0.055031222851733855
layer2->layer3,0.030012183921331186,0.028070261878851834
layer3->layer4,0.11420829170574871,0.1180060730349106
